{
  "regression": {
    "Ridge": {
      "val_MAE": 0.064759,
      "val_RMSE": 0.088578,
      "val_R2": -0.0464,
      "test_MAE": 0.09417,
      "test_RMSE": 0.135977,
      "test_R2": 0.0079,
      "val_DirAcc": 0.4968,
      "test_DirAcc": 0.5771
    },
    "XGBoost": {
      "val_MAE": 0.06411,
      "val_RMSE": 0.087984,
      "val_R2": -0.0324,
      "test_MAE": 0.09619,
      "test_RMSE": 0.137961,
      "test_R2": -0.0213,
      "val_DirAcc": 0.5021,
      "test_DirAcc": 0.5436
    },
    "LightGBM": {
      "val_MAE": 0.064137,
      "val_RMSE": 0.087952,
      "val_R2": -0.0317,
      "test_MAE": 0.096199,
      "test_RMSE": 0.13817,
      "test_R2": -0.0244,
      "val_DirAcc": 0.4989,
      "test_DirAcc": 0.5429
    }
  },
  "classification": {
    "LogReg": {
      "val_AUC": 0.4803,
      "val_Acc": 0.4953,
      "test_AUC": 0.5382,
      "test_Acc": 0.5743
    },
    "LightGBM_clf": {
      "val_AUC": 0.5282,
      "val_Acc": 0.4998,
      "test_AUC": 0.525,
      "test_Acc": 0.5786
    }
  }
}